the-lion-king,0.971336
field-of-dreams,0.26833
conan-the-barbarian,0.26833
deck-the-halls,0.0991032
and-now-ladies-and-gentlemen,0.0991032
cheerful-weather-for-the-wedding,0.0991032
the-producers,0.0991032
the-deep-end-of-the-ocean,0.0991032
misery-loves-comedy,0.0991032
everyones-hero,0.0991032
dead-ringers,0.0991032
eragon,0.0991032
assassins-creed,0.0991032
jumpin-jack-flash,0.0991032
the-man-in-the-iron-mask,0.0991032
gilbert,0.0991032
wargames,0.0991032
ferris-buellers-day-off,0.0991032
the-last-shot,0.0991032
big-stone-gap,0.0991032
godzilla-1998,0.0991032
dungeons-dragons,0.0991032
rat-race,0.0991032
the-stepford-wives,0.0991032
addicted-to-love,0.0991032
inspector-gadget,0.0991032
election-1999,0.0991032
avengers-age-of-ultron,0.0985009
bobby-jones-stroke-of-genius,0.0985009
how-to-lose-a-guy-in-10-days,0.0973585
the-dark-tower,0.095243
world-war-z,0.09149
breathe-in,0.09149
the-look-of-love,0.0852973
when-the-game-stands-tall,0.0847913
emperor,0.0644614
jobs,0.051744
atomic-blonde,0.0449541
baby-driver,0.0217307
the-homesman,0.0157537
the-underneath,1e-20
adventures-in-babysitting,1e-20
boys-life-4-four-play,1e-20
fearless,1e-20
it-takes-two,1e-20
dot-the-i,1e-20
the-wings-of-the-dove,1e-20
ballistic-ecks-vs-sever,1e-20
poseidon,1e-20
the-road-warrior,1e-20
