the-lion-king,0.0991032
charlotte-sometimes,1e-20
all-is-bright,1e-20
anatomy-of-hell,1e-20
home-fries,1e-20
free-the-mind,1e-20
winged-migration,1e-20
porkys,1e-20
not-one-less,1e-20
freeze-frame,1e-20
the-wings-of-the-dove,1e-20
fascination,1e-20
the-filth-and-the-fury,1e-20
jesus-son,1e-20
11-flowers,1e-20
herbie-hancock-possibilities,1e-20
when-the-sea-rises,1e-20
raze,1e-20
price-of-glory,1e-20
the-presidents-last-bang,1e-20
a-dog-of-flanders,1e-20
school-daze,1e-20
willow,1e-20
dot-the-i,1e-20
boys-life-4-four-play,1e-20
miss-sharon-jones!,1e-20
9-to-5,1e-20
bushs-brain,1e-20
tortilla-soup,1e-20
kill-your-idols,1e-20
23-blast,1e-20
all-my-loved-ones,1e-20
up-in-smoke,1e-20
chasing-papi,1e-20
agnes-browne,1e-20
azumi,1e-20
poseidon,1e-20
ballistic-ecks-vs-sever,1e-20
it-takes-two,1e-20
fearless,1e-20
adventures-in-babysitting,1e-20
the-underneath,1e-20
addams-family-values,1e-20
boogeyman,1e-20
americas-heart-and-soul,1e-20
the-backyard,1e-20
all-over-the-guy,1e-20
cropsey,1e-20
octopussy,1e-20
nowhere-in-africa,1e-20
